title,author,year,cover_id,isbn13,pages,format
Dune,Frank Herbert,1965,10471915,9780441013593,704,paperback
Dune Messiah,Frank Herbert,1969,8231927,9780593098233,352,paperback
Children of Dune,Frank Herbert,1976,8231825,9780593098240,444,paperback
Piranesi,Susanna Clarke,2020,10395262,9781635575637,272,hardcover
Jonathan Strange & Mr Norrell,Susanna Clarke,2004,1116762,9780765356154,1006,paperback
The Left Hand of Darkness,Ursula K. Le Guin,1969,8231989,9780441478125,304,paperback
A Wizard of Earthsea,Ursula K. Le Guin,1968,10521270,9780547773742,183,paperback
The Dispossessed,Ursula K. Le Guin,1974,10521302,9780061054884,387,paperback
The Fifth Season,N. K. Jemisin,2015,8291049,9780316229296,468,paperback
The Obelisk Gate,N. K. Jemisin,2016,8291050,9780316229265,448,paperback
The Stone Sky,N. K. Jemisin,2017,8291051,9780316229241,464,paperback
Beloved,Toni Morrison,1987,8778147,9781400033416,324,paperback
Song of Solomon,Toni Morrison,1977,8778148,9781400033423,337,paperback
The Bluest Eye,Toni Morrison,1970,8778149,9780307278449,216,paperback
Never Let Me Go,Kazuo Ishiguro,2005,8231990,9781400078776,288,paperback
The Remains of the Day,Kazuo Ishiguro,1989,8231991,9780679731726,245,paperback
Klara and the Sun,Kazuo Ishiguro,2021,10583153,9780571364886,320,hardcover
Norwegian Wood,Haruki Murakami,1987,8231992,9780375704024,296,paperback
Kafka on the Shore,Haruki Murakami,2002,8231993,9781400079278,505,paperback
The Wind-Up Bird Chronicle,Haruki Murakami,1994,8231994,9780679775430,607,paperback
One Hundred Years of Solitude,Gabriel Garcia Marquez,1967,8231995,9780060883287,417,paperback
Love in the Time of Cholera,Gabriel Garcia Marquez,1985,8231996,9780307389732,368,paperback
Babel,R. F. Kuang,2022,12645114,9780063021426,560,hardcover
Yellowface,R. F. Kuang,2023,13172292,9780063250833,336,hardcover
The Poppy War,R. F. Kuang,2018,9257946,9780062662583,544,paperback
Circe,Madeline Miller,2018,8739161,9780316556347,393,paperback
The Song of Achilles,Madeline Miller,2011,8739162,9780062060624,378,paperback
Normal People,Sally Rooney,2018,9257947,9781984822178,273,paperback
Conversations with Friends,Sally Rooney,2017,9257948,9780451499059,321,paperback
Beautiful World Where Are You,Sally Rooney,2021,11153224,9780374602604,356,hardcover
A Little Life,Hanya Yanagihara,2015,8231997,9780804172707,720,paperback
The Secret History,Donna Tartt,1992,8231998,9781400031702,559,paperback
The Goldfinch,Donna Tartt,2013,8231999,9780316055437,771,paperback
Cloud Atlas,David Mitchell,2004,8232000,9780375507250,509,paperback
The Road,Cormac McCarthy,2006,8232001,9780307387899,287,paperback
Blood Meridian,Cormac McCarthy,1985,8232002,9780679728757,337,paperback
Nineteen Eighty-Four,George Orwell,1949,7222246,9780451524935,328,paperback
Animal Farm,George Orwell,1945,8232003,9780452284241,112,paperback
Brave New World,Aldous Huxley,1932,8232004,9780060850524,268,paperback
Fahrenheit 451,Ray Bradbury,1953,8232005,9781451673319,194,paperback
The Handmaid's Tale,Margaret Atwood,1985,8232006,9780385490818,311,paperback
Oryx and Crake,Margaret Atwood,2003,8232007,9780385721677,376,paperback
Slaughterhouse-Five,Kurt Vonnegut,1969,8232008,9780385333849,275,paperback
Cat's Cradle,Kurt Vonnegut,1963,8232009,9780385333481,287,paperback
Catch-22,Joseph Heller,1961,8232010,9781451626650,453,paperback
The Bell Jar,Sylvia Plath,1963,8232011,9780060837020,244,paperback
Mrs Dalloway,Virginia Woolf,1925,8232012,9780156628709,194,paperback
To the Lighthouse,Virginia Woolf,1927,8232013,9780156907392,209,paperback
Pride and Prejudice,Jane Austen,1813,8232014,9780141439518,432,paperback
Emma,Jane Austen,1815,8232015,9780141439587,474,paperback
Jane Eyre,Charlotte Bronte,1847,8232016,9780141441146,532,paperback
Wuthering Heights,Emily Bronte,1847,8232017,9780141439556,416,paperback
Middlemarch,George Eliot,1871,8232018,9780141439549,880,paperback
Great Expectations,Charles Dickens,1861,8232019,9780141439563,544,paperback
Bleak House,Charles Dickens,1853,8232020,9780141439723,1017,paperback
Crime and Punishment,Fyodor Dostoevsky,1866,8232021,9780143107637,671,paperback
The Brothers Karamazov,Fyodor Dostoevsky,1880,8232022,9780374528379,796,paperback
Anna Karenina,Leo Tolstoy,1878,8232023,9780143035008,864,paperback
War and Peace,Leo Tolstoy,1869,8232024,9781400079988,1296,paperback
Lolita,Vladimir Nabokov,1955,8232025,9780679723165,317,paperback
Pale Fire,Vladimir Nabokov,1962,8232026,9780679723424,246,paperback
Invisible Man,Ralph Ellison,1952,8232027,9780679732761,581,paperback
Things Fall Apart,Chinua Achebe,1958,8232028,9780385474542,209,paperback
Half of a Yellow Sun,Chimamanda Ngozi Adichie,2006,8232029,9781400095209,543,paperback
Americanah,Chimamanda Ngozi Adichie,2013,8232030,9780307455925,588,paperback
The God of Small Things,Arundhati Roy,1997,8232031,9780812979657,321,paperback
Midnight's Children,Salman Rushdie,1981,8232032,9780812976533,647,paperback
A Suitable Boy,Vikram Seth,1993,8232033,9780060786526,1349,paperback
The White Tiger,Aravind Adiga,2008,8232034,9781416562603,276,paperback
Train to Pakistan,Khushwant Singh,1956,8232035,9780802132215,181,paperback
The Namesake,Jhumpa Lahiri,2003,8232036,9780618485222,291,paperback
Interpreter of Maladies,Jhumpa Lahiri,1999,8232037,9780618101368,198,paperback
Sapiens,Yuval Noah Harari,2011,8232038,9780062316097,443,paperback
Thinking Fast and Slow,Daniel Kahneman,2011,8232039,9780374533557,499,paperback
Atomic Habits,James Clear,2018,9257949,9780735211292,320,hardcover
Educated,Tara Westover,2018,8815405,9780399590504,334,hardcover
Between the World and Me,Ta-Nehisi Coates,2015,8232040,9780812993547,152,hardcover
The Immortal Life of Henrietta Lacks,Rebecca Skloot,2010,8232041,9781400052189,381,paperback
Bad Blood,John Carreyrou,2018,9257950,9781524731656,339,hardcover
The Sixth Extinction,Elizabeth Kolbert,2014,8232042,9781250062185,319,paperback
Being Mortal,Atul Gawande,2014,8232043,9781250076229,282,paperback
The Emperor of All Maladies,Siddhartha Mukherjee,2010,8232044,9781439170915,571,paperback
The Gene,Siddhartha Mukherjee,2016,8232045,9781476733524,592,paperback
A Brief History of Time,Stephen Hawking,1988,8232046,9780553380163,212,paperback
Cosmos,Carl Sagan,1980,8232047,9780345539434,396,paperback
The Selfish Gene,Richard Dawkins,1976,8232048,9780198788607,360,paperback
Guns Germs and Steel,Jared Diamond,1997,8232049,9780393317558,480,paperback
The Structure of Scientific Revolutions,Thomas S. Kuhn,1962,8232050,9780226458120,264,paperback
Meditations,Marcus Aurelius,180,8232051,9780140449334,254,paperback
The Republic,Plato,-380,8232052,9780140455113,416,paperback
Man's Search for Meaning,Viktor E. Frankl,1946,8232053,9780807014295,184,paperback
The Myth of Sisyphus,Albert Camus,1942,8232054,9780679733737,212,paperback
The Stranger,Albert Camus,1942,8232055,9780679720201,123,paperback
The Trial,Franz Kafka,1925,8232056,9780805209990,255,paperback
The Metamorphosis,Franz Kafka,1915,8232057,9780553213690,201,paperback
One Flew Over the Cuckoo's Nest,Ken Kesey,1962,8232058,9780451163967,325,paperback
The Catcher in the Rye,J. D. Salinger,1951,8232059,9780316769488,277,paperback
To Kill a Mockingbird,Harper Lee,1960,8232060,9780061120084,336,paperback
The Great Gatsby,F. Scott Fitzgerald,1925,8232061,9780743273565,180,paperback
The Hobbit,J. R. R. Tolkien,1937,8232062,9780547928227,366,paperback
The Fellowship of the Ring,J. R. R. Tolkien,1954,8232063,9780547928210,423,paperback
The Name of the Wind,Patrick Rothfuss,2007,8232064,9780756404741,662,paperback
